{"cameraMode":{"drawMode":0,"name":"Shaded","section":"Shading Mode"},"sceneLighting":false,"audioPlay":false,"sceneViewState":{"showFog":true,"showMaterialUpdate":false,"showSkybox":false,"showFlares":true,"showImageEffects":true,"showParticleSystems":true},"in2DMode":false,"pivot":{"x":-8.417210578918457,"y":1.0017435550689698,"z":-17.79891586303711},"rotation":{"x":0.014187226071953774,"y":0.9734629988670349,"z":-0.2197301685810089,"w":0.06286272406578064},"size":1.2004327774047852,"orthographic":false}