{"cameraMode":{"drawMode":0,"name":"Shaded","section":"Shading Mode"},"sceneLighting":true,"audioPlay":false,"sceneViewState":{"showFog":true,"showMaterialUpdate":false,"showSkybox":true,"showFlares":true,"showImageEffects":true,"showParticleSystems":true},"in2DMode":false,"pivot":{"x":-7.024165630340576,"y":0.9999662637710571,"z":-21.500431060791017},"rotation":{"x":-0.011557350866496563,"y":-0.9886016845703125,"z":0.10867902636528015,"w":-0.10446058958768845},"size":5.467700481414795,"orthographic":false}