{"cameraMode":{"drawMode":0,"name":"Shaded","section":"Shading Mode"},"sceneLighting":true,"audioPlay":false,"sceneViewState":{"showFog":true,"showMaterialUpdate":false,"showSkybox":true,"showFlares":true,"showImageEffects":true,"showParticleSystems":true},"in2DMode":false,"pivot":{"x":7.198744773864746,"y":-2.531409740447998,"z":-14.975393295288086},"rotation":{"x":0.10172967612743378,"y":0.6393930912017822,"z":-0.08585690706968308,"w":0.7574051022529602},"size":20.290470123291017,"orthographic":false}