{"cameraMode":{"drawMode":0,"name":"Shaded","section":"Shading Mode"},"sceneLighting":false,"audioPlay":false,"sceneViewState":{"showFog":true,"showMaterialUpdate":false,"showSkybox":false,"showFlares":true,"showImageEffects":true,"showParticleSystems":true},"in2DMode":false,"pivot":{"x":-6.806279182434082,"y":1.0869998931884766,"z":-17.08954620361328},"rotation":{"x":-0.10896102339029312,"y":0.6691386103630066,"z":-0.10009434819221497,"w":-0.7282900214195252},"size":5.083429336547852,"orthographic":false}